procWeight, totalSymbols, maximumResourceConsumption, reproductionLength, localCELength, stackHeight, numReturns
2.0, 1, 1, 1, 0, 1, 0
2.0, 10, 10, 10, 0, 6, 0
2.0, 100, 71, 70, 2, 27, 12
0.1, 1, 1, 1, 0, 1, 0
0.1, 10, 10, 10, 9, 1, 0
0.1, 100, 95, 95, 94, 1, 1
2.0, 1000, 247, 247, 1, 86, 238
1.0, 1, 1, 1, 0, 1, 0
0.1, 1, 1, 1, 0, 1, 0
1.0, 10, 10, 10, 2, 5, 0
0.1, 10, 10, 10, 9, 1, 0
0.1, 100, 100, 100, 21, 2, 0
1.0, 100, 80, 79, 1, 26, 9
1.0, 1, 1, 1, 0, 1, 0
1.0, 10, 10, 10, 2, 3, 0
1.0, 100, 65, 65, 3, 17, 8
2.0, 1, 1, 1, 0, 1, 0
5.0, 1, 1, 1, 0, 1, 0
2.0, 10, 7, 5, 0, 4, 1
5.0, 10, 10, 10, 0, 8, 0
2.0, 100, 77, 76, 1, 29, 12
5.0, 100, 71, 71, 0, 40, 13
0.1, 1000, 395, 373, 372, 1, 31
2.0, 1, 1, 1, 0, 1, 0
1.0, 1000, 172, 133, 5, 39, 221
1.0, 1000, 159, 105, 14, 21, 219
0.1, 1000, 289, 229, 3, 3, 34
2.0, 1000, 199, 135, 12, 40, 279
2.0, 10, 10, 10, 2, 5, 0
2.0, 100, 84, 84, 0, 34, 10
2.0, 1000, 216, 148, 5, 55, 256
5.0, 1000, 448, 448, 5, 227, 254
2.0, 10000, 366, 271, 0, 100, 3016
0.1, 10000, 2660, 2660, 28, 3, 350
0.1, 10000, 2460, 2454, 23, 2, 369
1.0, 10000, 164, 92, 0, 25, 2203
1.0, 10000, 260, 94, 6, 26, 2201
5.0, 10000, 1251, 1215, 1, 581, 3662
2.0, 10000, 252, 170, 1, 52, 3037
2.0, 10000, 302, 187, 1, 67, 3009
1.0, 100000, 307, 158, 6, 31, 22155
5.0, 100000, 1989, 1443, 1, 670, 39624
0.1, 100000, 28176, 28165, 8, 8, 3684
0.1, 100000, 27104, 27085, 3, 3, 3643
1.0, 100000, 243, 107, 5, 22, 22124
2.0, 100000, 457, 269, 1, 91, 30818
2.0, 100000, 292, 192, 0, 56, 30744
2.0, 100000, 339, 221, 2, 76, 30748
1.0, 1000000, 344, 129, 6, 29, 221873
0.1, 1000000, 270826, 270770, 1, 4, 36615
0.1, 1000000, 274382, 274377, 12, 2, 36607
2.0, 1000000, 501, 231, 2, 77, 307411
5.0, 1000000, 2243, 1554, 3, 723, 399743
1.0, 1000000, 358, 100, 8, 20, 221594
2.0, 1000000, 360, 245, 4, 67, 307869
2.0, 1000000, 415, 259, 1, 73, 308210
5.0, 10000000, 2243, 1726, 1, 790, 3999347
1.0, 10000000, 414, 265, 8, 35, 2220139
2.0, 10000000, 588, 361, 1, 114, 3077021
2.0, 10000000, 404, 196, 2, 49, 3074756
2.0, 10000000, 457, 290, 5, 83, 3076972
0.1, 10000000, 2685144, 2685144, 30, 3, 369749
1.0, 10000000, 418, 207, 2, 26, 2220669
0.1, 10000000, 2670014, 2669882, 160, 2, 369642
5.0, 100000000, 2648, 1706, 0, 799, 40001613
2.0, 100000000, 604, 262, 1, 88, 30774243
2.0, 100000000, 498, 213, 1, 70, 30772039
2.0, 100000000, 434, 221, 3, 51, 30767276
0.1, 100000000, 26774191, 26774191, 4, 4, 3703081
1.0, 100000000, 501, 222, 7, 21, 22218447
0.1, 100000000, 26708534, 26708534, 49, 3, 3701723
1.0, 100000000, 463, 134, 7, 19, 22219953
5.0, 1000000000, 2648, 1710, 0, 765, 400004650
0.01, 1, 1, 1, 0, 1, 0
0.01, 10, 10, 10, 9, 1, 0
0.01, 100, 100, 100, 1, 2, 0
0.01, 1000, 994, 994, 993, 1, 2
0.01, 10000, 9110, 9110, 18, 2, 34
0.01, 100000, 88662, 88662, 88661, 1, 416
0.01, 1000000, 892013, 892013, 892012, 1, 4005
0.01, 10000000, 8923783, 8923783, 8923782, 1, 39862
2.0, 1000000000, 700, 329, 1, 86, 307708818
5.0, 1, 1, 1, 0, 1, 0
5.0, 10, 10, 10, 0, 7, 0
5.0, 100, 87, 87, 2, 55, 7
5.0, 1000, 461, 461, 5, 239, 264
5.0, 10000, 1201, 1199, 0, 573, 3668
5.0, 100000, 2282, 2163, 1, 962, 39434
5.0, 1000000, 2547, 2001, 2, 897, 399436
2.0, 1000000000, 541, 305, 1, 81, 307694276
5.0, 1, 1, 1, 0, 1, 0
5.0, 10, 9, 9, 1, 6, 1
5.0, 100, 77, 77, 0, 45, 12
5.0, 1000, 321, 249, 0, 141, 308
5.0, 10000, 709, 672, 4, 321, 3800
5.0, 100000, 845, 683, 2, 325, 39795
5.0, 1000000, 936, 582, 0, 287, 399576
5.0, 10000000, 2654, 1847, 1, 835, 4000252
2.0, 1000000000, 473, 169, 1, 40, 307672425
5.0, 1, 1, 1, 0, 1, 0
5.0, 10, 10, 10, 0, 8, 0
5.0, 100, 80, 80, 1, 43, 12
5.0, 1000, 330, 322, 0, 146, 312
5.0, 10000, 481, 456, 1, 192, 3873
0.1, 1000000000, 267524115, 267524103, 1, 2, 37044085
5.0, 100000, 599, 415, 4, 173, 39755
0.5, 1, 1, 1, 0, 1, 0
0.5, 10, 10, 10, 7, 2, 0
0.5, 100, 76, 72, 14, 9, 8
0.5, 1000, 136, 87, 6, 15, 131
0.5, 10000, 258, 132, 0, 15, 1384
0.5, 100000, 296, 128, 1, 13, 14271
5.0, 1000000, 628, 450, 0, 167, 399769
0.5, 1000000, 504, 360, 5, 20, 143041
5.0, 10000000, 940, 633, 7, 296, 4000015
0.1, 1000000000, 267329909, 267329907, 267329906, 1, 37030135
0.5, 1, 1, 1, 0, 1, 0
0.5, 10, 10, 10, 8, 2, 0
0.5, 100, 58, 46, 11, 7, 10
0.5, 1000, 123, 67, 11, 8, 144
0.5, 10000, 209, 118, 1, 10, 1429
0.5, 100000, 314, 210, 1, 18, 14240
0.5, 1000000, 461, 355, 2, 23, 142912
1.0, 1000000000, 537, 272, 4, 40, 222224545
2.0, 1, 1, 1, 0, 1, 0
2.0, 10, 9, 9, 1, 5, 1
2.0, 100, 68, 65, 1, 30, 12
2.0, 1000, 249, 249, 0, 93, 243
2.0, 10000, 451, 368, 0, 131, 3040
2.0, 100000, 474, 329, 0, 116, 30701
2.0, 1000000, 574, 417, 15, 121, 307760
5.0, 10000000, 693, 413, 0, 173, 4000066
0.5, 10000000, 1116, 858, 21, 12, 1428308
1.0, 1000000000, 566, 143, 3, 18, 222231169
2.0, 1, 1, 1, 0, 1, 0
2.0, 10, 10, 10, 0, 5, 0
2.0, 100, 61, 49, 3, 17, 14
2.0, 1000, 232, 232, 2, 73, 247
2.0, 10000, 287, 202, 0, 56, 2993
2.0, 100000, 318, 193, 8, 61, 30791
2.0, 1000000, 384, 234, 1, 59, 307578
0.5, 10000000, 1597, 1284, 4, 17, 1427620
2.0, 10000000, 638, 481, 0, 152, 3076246
2.0, 10000000, 423, 290, 8, 71, 3077363
0.01, 100000000, 89320545, 89320545, 89320544, 1, 396469
5.0, 100000000, 2712, 1751, 2, 778, 39997366
5.0, 100000000, 1046, 585, 3, 281, 40002737
5.0, 100000000, 737, 438, 0, 167, 40000498
0.5, 100000000, 9388, 9254, 2, 16, 14286774
0.5, 100000000, 10908, 10653, 3, 14, 14280864
2.0, 100000000, 699, 254, 1, 81, 30767366
2.0, 100000000, 446, 268, 0, 65, 30772801
0.01, 1000000000, 893142162, 893142162, 893142161, 1, 3967789
0.1, 1, 1, 1, 0, 1, 0
0.1, 10, 10, 10, 9, 1, 0
0.1, 100, 56, 56, 55, 1, 2
0.1, 1000, 440, 440, 10, 3, 29
0.1, 10000, 3394, 3266, 3265, 1, 339
0.1, 100000, 27479, 27383, 2, 2, 3605
0.1, 1000000, 268235, 268199, 14, 3, 36792
5.0, 1000000000, 2783, 1817, 0, 826, 399997068
0.01, 1, 1, 1, 0, 1, 0
0.01, 10, 10, 10, 9, 1, 0
0.01, 100, 100, 100, 99, 1, 0
0.01, 1000, 932, 932, 931, 1, 4
0.01, 10000, 9355, 9355, 9354, 1, 26
0.01, 100000, 90357, 90337, 90336, 1, 384
0.01, 1000000, 894461, 894430, 894429, 1, 3946
5.0, 1000000000, 1071, 640, 4, 296, 399990557
0.01, 1, 1, 1, 0, 1, 0
0.01, 10, 10, 10, 9, 1, 0
0.01, 100, 100, 100, 99, 1, 0
0.01, 1000, 911, 911, 5, 2, 3
0.01, 10000, 9118, 9118, 9117, 1, 25
0.01, 100000, 90903, 90903, 35, 2, 335
0.1, 10000000, 2693466, 2693458, 2693457, 1, 370653
0.01, 1000000, 894232, 894232, 894231, 1, 3906
0.01, 10000000, 8939714, 8939714, 8939713, 1, 39517
0.01, 10000000, 8932244, 8932244, 8932243, 1, 39345
5.0, 1000000000, 765, 437, 1, 157, 400001241
0.01, 1, 1, 1, 0, 1, 0
0.01, 10, 10, 10, 9, 1, 0
0.01, 100, 100, 100, 99, 1, 0
0.01, 1000, 999, 999, 998, 1, 1
0.01, 10000, 8949, 8936, 8935, 1, 38
0.01, 100000, 90159, 90159, 90158, 1, 371
0.01, 1000000, 898481, 898481, 898480, 1, 3959
0.01, 10000000, 8983572, 8983572, 8983571, 1, 39610
2.0, 1000000000, 704, 272, 0, 93, 307667350
5.0, 1, 1, 1, 0, 1, 0
5.0, 10, 10, 10, 0, 10, 0
5.0, 100, 86, 86, 0, 58, 7
5.0, 1000, 435, 435, 0, 231, 266
5.0, 10000, 1758, 1707, 4, 753, 3549
5.0, 100000, 4010, 3679, 0, 1582, 39082
5.0, 1000000, 5885, 4415, 0, 1874, 399136
0.5, 1000000000, 85017, 84837, 0, 8, 142848544
1.0, 1, 1, 1, 0, 1, 0
1.0, 10, 10, 10, 1, 2, 0
1.0, 100, 57, 57, 0, 12, 11
1.0, 1000, 210, 109, 3, 21, 200
1.0, 10000, 272, 224, 8, 39, 2221
1.0, 100000, 280, 133, 2, 29, 22189
1.0, 1000000, 371, 160, 9, 21, 222267
5.0, 10000000, 5969, 4870, 0, 2042, 3998627
0.5, 1000000000, 103136, 102980, 7, 13, 142857855
1.0, 1, 1, 1, 0, 1, 0
1.0, 10, 10, 10, 7, 2, 0
1.0, 100, 63, 60, 0, 17, 10
1.0, 1000, 176, 161, 0, 37, 207
1.0, 10000, 222, 146, 1, 30, 2189
2.0, 1000000000, 490, 139, 1, 44, 307709883
1.0, 100000, 259, 105, 0, 21, 22166
5.0, 1, 1, 1, 0, 1, 0
5.0, 10, 10, 10, 0, 7, 0
5.0, 100, 75, 75, 0, 45, 17
5.0, 1000, 326, 321, 0, 159, 317
5.0, 10000, 486, 453, 3, 198, 3912
5.0, 100000, 576, 445, 0, 196, 39877
1.0, 10000000, 425, 240, 1, 36, 2221455
1.0, 1000000, 343, 235, 1, 32, 222393
5.0, 1000000, 684, 420, 2, 182, 400231
5.0, 10000000, 714, 477, 0, 203, 3999227
1.0, 10000000, 379, 189, 1, 31, 2221722
0.1, 100000000, 27004340, 27004309, 27004308, 1, 3705150
0.01, 100000000, 89341824, 89341824, 89341823, 1, 397147
0.01, 100000000, 89299952, 89299952, 89299951, 1, 396206
0.01, 100000000, 89874386, 89874382, 89874381, 1, 396720
5.0, 100000000, 6236, 4209, 0, 1780, 39997503
1.0, 100000000, 506, 192, 7, 32, 22219258
5.0, 100000000, 755, 535, 2, 207, 39997400
1.0, 100000000, 518, 229, 6, 32, 22228835
0.01, 1000000000, 893458315, 893458315, 893458314, 1, 3969603
0.1, 1, 1, 1, 0, 1, 0
0.1, 10, 10, 10, 9, 1, 0
0.1, 100, 79, 79, 78, 1, 1
0.1, 1000, 383, 383, 39, 3, 35
0.1, 10000, 2686, 2621, 27, 4, 391
0.1, 100000, 26357, 26351, 50, 3, 3755
0.1, 1000000, 271787, 271543, 11, 2, 36961
0.01, 1000000000, 892881110, 892881110, 892881109, 1, 3967101
0.1, 1, 1, 1, 0, 1, 0
0.1, 10, 10, 10, 6, 2, 0
0.1, 100, 58, 42, 7, 3, 5
0.1, 1000, 480, 480, 39, 4, 32
0.1, 10000, 3199, 3166, 3165, 1, 361
0.1, 100000, 28034, 28004, 102, 2, 3639
0.1, 1000000, 266204, 266166, 69, 2, 36891
0.1, 10000000, 2726052, 2725941, 25, 2, 370073
0.1, 1000000000, 270396942, 270396849, 6, 3, 37042450
0.5, 1, 1, 1, 0, 1, 0
0.5, 10, 10, 10, 9, 1, 0
0.5, 100, 74, 61, 0, 10, 6
0.5, 1000, 156, 74, 6, 8, 136
0.5, 10000, 250, 167, 8, 11, 1413
0.5, 100000, 325, 178, 2, 15, 14357
0.5, 1000000, 449, 130, 3, 7, 143542
0.1, 10000000, 2653087, 2653070, 33, 3, 371114
0.5, 10000000, 1412, 1330, 5, 18, 1428583
0.01, 1000000000, 898791011, 898791011, 898791010, 1, 3968078
0.1, 1, 1, 1, 0, 1, 0
0.1, 10, 10, 10, 1, 2, 0
0.1, 100, 50, 50, 9, 3, 5
0.1, 1000, 562, 484, 42, 2, 30
0.1, 10000, 2836, 2835, 11, 3, 366
0.1, 100000, 28960, 28928, 28927, 1, 3846
0.1, 1000000, 290848, 290806, 4, 2, 37276
5.0, 1000000000, 6864, 4377, 2, 1837, 400007928
0.01, 1, 1, 1, 0, 1, 0
0.01, 10, 10, 10, 9, 1, 0
0.01, 100, 100, 100, 99, 1, 0
0.01, 1000, 962, 962, 961, 1, 1
0.01, 10000, 8584, 8584, 8583, 1, 42
0.01, 100000, 88618, 88618, 88617, 1, 396
0.01, 1000000, 885822, 885822, 885821, 1, 4035
0.1, 10000000, 2940683, 2940620, 2940619, 1, 370104
0.01, 10000000, 8897636, 8897636, 8897635, 1, 39909
5.0, 1000000000, 828, 451, 2, 183, 400004840
0.01, 1, 1, 1, 0, 1, 0
0.01, 10, 10, 10, 9, 1, 0
0.01, 100, 71, 71, 70, 1, 1
0.01, 1000, 665, 665, 664, 1, 6
0.01, 10000, 8963, 8917, 8916, 1, 39
0.01, 100000, 90169, 90169, 90168, 1, 381
0.01, 1000000, 895846, 895846, 895845, 1, 3939
1.0, 1000000000, 550, 319, 3, 33, 222215475
2.0, 1, 1, 1, 0, 1, 0
2.0, 10, 10, 10, 3, 5, 0
2.0, 100, 55, 49, 1, 26, 15
2.0, 1000, 305, 294, 2, 99, 235
2.0, 10000, 387, 247, 1, 85, 2990
2.0, 100000, 393, 313, 1, 98, 30594
2.0, 1000000, 476, 304, 5, 104, 307360
0.01, 10000000, 8942884, 8942884, 8942883, 1, 39581
2.0, 10000000, 506, 313, 0, 97, 3077521
1.0, 1000000000, 606, 311, 3, 34, 222235140
2.0, 1, 1, 1, 0, 1, 0
2.0, 10, 10, 10, 0, 6, 0
2.0, 100, 73, 67, 0, 29, 15
2.0, 1000, 257, 257, 1, 82, 267
2.0, 10000, 306, 192, 2, 64, 3076
2.0, 100000, 341, 186, 8, 56, 30840
2.0, 1000000, 391, 252, 0, 74, 307439
2.0, 10000000, 438, 162, 0, 52, 3078435
0.1, 100000000, 27331366, 27331364, 27331363, 1, 3702376
0.1, 100000000, 26652312, 26652227, 58, 2, 3704690
0.5, 100000000, 11781, 11586, 9, 14, 14286100
0.01, 100000000, 89054245, 89054245, 4, 2, 397545
0.1, 100000000, 29459151, 29459146, 15, 3, 3700197
0.01, 100000000, 89376684, 89376684, 89376683, 1, 396588
2.0, 100000000, 569, 239, 1, 84, 30772149
2.0, 100000000, 463, 261, 0, 73, 30775435
0.1, 1000000000, 273645614, 273645554, 53, 2, 37026361
0.5, 1, 1, 1, 0, 1, 0
0.5, 10, 10, 10, 0, 4, 0
0.5, 100, 40, 29, 2, 7, 9
0.5, 1000, 134, 83, 8, 10, 126
0.5, 10000, 240, 148, 1, 14, 1393
0.5, 100000, 335, 85, 2, 11, 14319
0.5, 1000000, 584, 293, 1, 12, 143038
0.01, 1000000000, 890730330, 890730330, 890730329, 1, 3971201
0.1, 1, 1, 1, 0, 1, 0
0.1, 10, 10, 10, 9, 1, 0
0.1, 100, 83, 83, 20, 3, 3
0.1, 1000, 385, 355, 14, 2, 28
0.1, 10000, 2216, 2177, 47, 2, 372
0.1, 100000, 25606, 25577, 40, 5, 3724
0.1, 1000000, 262002, 262002, 262001, 1, 36999
0.1, 1000000000, 266285304, 266285300, 45, 2, 37034188
0.5, 1, 1, 1, 0, 1, 0
0.5, 10, 10, 10, 9, 1, 0
0.5, 100, 51, 51, 7, 4, 7
0.5, 1000, 146, 146, 10, 14, 115
0.5, 10000, 247, 186, 11, 13, 1456
0.5, 100000, 311, 237, 6, 17, 14350
0.5, 10000000, 1851, 1618, 5, 15, 1428339
0.5, 1000000, 482, 304, 5, 12, 142698
0.1, 10000000, 2590541, 2590447, 2590446, 1, 370231
0.5, 10000000, 1087, 884, 2, 19, 1428503
0.5, 1000000000, 117301, 117097, 0, 13, 142839891
1.0, 1, 1, 1, 0, 1, 0
1.0, 10, 9, 9, 2, 4, 1
1.0, 100, 48, 29, 6, 9, 17
1.0, 1000, 154, 132, 6, 28, 201
1.0, 10000, 277, 109, 0, 20, 2196
1.0, 100000, 306, 233, 0, 38, 22381
1.0, 1000000, 369, 105, 7, 16, 222687
1.0, 10000000, 379, 260, 0, 41, 2221942
2.0, 1000000000, 586, 259, 2, 62, 307683751
5.0, 1, 1, 1, 0, 1, 0
5.0, 10, 10, 10, 0, 8, 0
5.0, 100, 77, 77, 0, 50, 14
5.0, 1000, 401, 401, 0, 203, 283
5.0, 10000, 953, 807, 0, 369, 3770
5.0, 100000, 1342, 1128, 0, 502, 39822
5.0, 1000000, 1420, 925, 1, 406, 399839
5.0, 10000000, 1552, 1185, 5, 506, 3999633
2.0, 1000000000, 519, 233, 1, 55, 307698975
5.0, 1, 1, 1, 0, 1, 0
5.0, 10, 10, 10, 1, 5, 0
5.0, 100, 82, 76, 1, 48, 11
5.0, 1000, 326, 318, 0, 156, 314
5.0, 10000, 575, 492, 0, 209, 3909
5.0, 100000, 634, 454, 0, 207, 39957
5.0, 1000000, 730, 489, 0, 197, 400008
5.0, 10000000, 768, 417, 5, 185, 4000585
0.5, 100000000, 15252, 14990, 0, 13, 14286144
0.01, 1000000000, 893572182, 893572182, 893572181, 1, 3968762
0.1, 1, 1, 1, 0, 1, 0
0.1, 10, 10, 10, 9, 1, 0
0.1, 100, 69, 46, 19, 4, 3
0.1, 1000, 255, 248, 7, 5, 38
0.1, 10000, 2677, 2641, 4, 3, 367
0.1, 100000, 27969, 27960, 66, 2, 3718
0.1, 1000000, 268397, 268350, 268349, 1, 37424
0.1, 100000000, 25784905, 25784867, 1, 3, 3704027
0.1, 1000000000, 294327120, 294327114, 15, 2, 37028027
0.5, 1, 1, 1, 0, 1, 0
0.5, 10, 10, 10, 9, 1, 0
0.5, 100, 68, 68, 4, 7, 7
0.5, 1000, 153, 143, 8, 20, 118
0.5, 10000, 269, 94, 3, 10, 1368
0.5, 100000, 333, 190, 18, 12, 14022
0.5, 1000000, 462, 250, 0, 9, 142504
0.5, 100000000, 6608, 6466, 1, 21, 14285630
0.1, 10000000, 2694361, 2694361, 25, 2, 370973
0.5, 10000000, 2559, 2266, 2, 11, 1428532
1.0, 100000000, 498, 337, 0, 29, 22224907
5.0, 100000000, 1690, 1081, 0, 469, 39998928
5.0, 100000000, 834, 513, 2, 201, 39999933
0.1, 100000000, 27045521, 27045482, 27045481, 1, 3703363
0.5, 100000000, 22471, 22240, 0, 11, 14290256
0.1, 1000000000, 257674076, 257674063, 59, 2, 37038187
5.0, 1, 1, 1, 0, 1, 0
5.0, 10, 10, 10, 2, 7, 0
5.0, 100, 78, 78, 3, 46, 15
5.0, 1000, 320, 310, 2, 155, 309
5.0, 10000, 682, 564, 0, 260, 3844
5.0, 100000, 765, 564, 1, 255, 39839
5.0, 1000000, 886, 642, 7, 265, 399543
0.5, 1000000000, 152733, 152446, 7, 9, 142833045
1.0, 1, 1, 1, 0, 1, 0
1.0, 10, 7, 6, 0, 2, 1
1.0, 100, 70, 70, 0, 18, 11
1.0, 1000, 248, 231, 0, 39, 203
1.0, 10000, 249, 183, 0, 32, 2212
1.0, 100000, 262, 103, 6, 18, 22328
1.0, 1000000, 310, 211, 0, 25, 222338
5.0, 10000000, 964, 740, 2, 295, 3998959
0.5, 1000000000, 62110, 61958, 6, 8, 142844344
0.01, 1, 1, 1, 0, 1, 0
0.01, 10, 10, 10, 9, 1, 0
0.01, 100, 100, 100, 99, 1, 0
0.01, 1000, 938, 938, 9, 2, 2
0.01, 10000, 8776, 8764, 8763, 1, 44
0.01, 100000, 90162, 90160, 90159, 1, 375
0.01, 1000000, 893938, 893938, 893937, 1, 3883
1.0, 10000000, 378, 220, 4, 27, 2222851
5.0, 1000000000, 1745, 1180, 3, 501, 400003326
0.01, 1, 1, 1, 0, 1, 0
0.01, 10, 10, 10, 9, 1, 0
0.01, 100, 100, 100, 99, 1, 0
0.01, 1000, 951, 951, 50, 2, 3
0.01, 10000, 9305, 9305, 9304, 1, 30
0.01, 100000, 90143, 90143, 90142, 1, 357
0.01, 1000000, 892264, 892264, 892263, 1, 3941
0.01, 10000000, 8930199, 8930199, 8930198, 1, 39329
0.01, 10000000, 8928328, 8928328, 8928327, 1, 39562
1.0, 1000000000, 624, 368, 3, 25, 222240918
2.0, 1, 1, 1, 0, 1, 0
2.0, 10, 10, 10, 0, 7, 0
2.0, 100, 74, 74, 0, 28, 14
2.0, 1000, 234, 188, 6, 59, 281
2.0, 10000, 287, 185, 3, 65, 3079
2.0, 100000, 348, 209, 4, 62, 30792
2.0, 1000000, 386, 211, 3, 63, 308147
2.0, 10000000, 449, 274, 1, 63, 3078387
5.0, 1000000000, 868, 408, 3, 166, 400020377
1.0, 1, 1, 1, 0, 1, 0
1.0, 10, 10, 10, 0, 6, 0
1.0, 100, 59, 59, 3, 17, 12
1.0, 1000, 128, 128, 5, 26, 187
1.0, 10000, 230, 192, 7, 29, 2137
1.0, 100000, 275, 148, 8, 23, 22140
1.0, 1000000, 349, 129, 0, 17, 222260
1.0, 10000000, 396, 222, 0, 37, 2221697
5.0, 100000000, 1026, 610, 0, 267, 39998404
0.1, 1000000000, 270368544, 270368544, 28, 5, 37034350
0.5, 1, 1, 1, 0, 1, 0
0.5, 10, 10, 10, 6, 2, 0
0.5, 100, 59, 59, 17, 7, 8
0.5, 1000, 149, 40, 26, 3, 132
0.5, 10000, 288, 220, 13, 11, 1427
0.5, 100000, 355, 190, 0, 16, 14298
0.5, 1000000, 490, 269, 2, 7, 142801
1.0, 100000000, 464, 171, 4, 22, 22230003
0.01, 100000000, 89252548, 89252548, 89252547, 1, 397542
0.5, 10000000, 1328, 1126, 0, 16, 1429282
0.01, 100000000, 89312732, 89312732, 22, 2, 396250
0.5, 1000000000, 225279, 225045, 6, 7, 142850639
0.01, 1, 1, 1, 0, 1, 0
0.01, 10, 10, 10, 9, 1, 0
0.01, 100, 100, 100, 99, 1, 0
0.01, 1000, 897, 897, 19, 2, 5
0.01, 10000, 9011, 9011, 9010, 1, 39
0.01, 100000, 89319, 89319, 89318, 1, 415
0.01, 1000000, 898659, 898659, 898658, 1, 4023
0.01, 10000000, 9015826, 9015826, 9015825, 1, 39537
2.0, 100000000, 467, 228, 19, 51, 30771036
1.0, 100000000, 491, 167, 8, 26, 22220921
0.5, 100000000, 8800, 8627, 0, 10, 14290730
0.01, 100000000, 90123016, 90123016, 90123015, 1, 396887
5.0, 1000000000, 1083, 703, 1, 287, 399994339
0.01, 1, 1, 1, 0, 1, 0
0.01, 10, 10, 10, 9, 1, 0
0.01, 100, 100, 100, 76, 2, 0
0.01, 1000, 871, 871, 870, 1, 3
0.01, 10000, 8835, 8835, 8834, 1, 40
0.01, 100000, 88430, 88430, 88429, 1, 422
0.01, 1000000, 890307, 890307, 890306, 1, 4050
0.01, 10000000, 8919889, 8919889, 8919888, 1, 39733
0.01, 1000000000, 892805344, 892805344, 892805343, 1, 3967383
0.1, 1, 1, 1, 0, 1, 0
0.1, 10, 10, 10, 9, 1, 0
0.1, 100, 83, 83, 82, 1, 3
0.1, 1000, 374, 342, 9, 3, 40
0.1, 10000, 2393, 2393, 2392, 1, 378
0.1, 100000, 25958, 25958, 31, 3, 3730
0.1, 1000000, 271707, 271699, 179, 2, 36873
0.1, 10000000, 2698513, 2698513, 2698512, 1, 369187
0.01, 1000000000, 892921345, 892921345, 892921344, 1, 3965888
0.1, 1, 1, 1, 0, 1, 0
0.1, 10, 10, 10, 3, 2, 0
0.1, 100, 52, 25, 24, 1, 3
0.1, 1000, 378, 378, 36, 2, 28
0.1, 10000, 2867, 2822, 11, 3, 365
0.1, 100000, 26149, 26125, 2, 3, 3787
0.1, 1000000, 263841, 263736, 263735, 1, 37485
0.1, 10000000, 2688126, 2688105, 1, 3, 370408
1.0, 1000000000, 588, 187, 3, 24, 222226658
2.0, 1, 1, 1, 0, 1, 0
2.0, 10, 10, 10, 1, 5, 0
2.0, 100, 57, 53, 1, 22, 16
2.0, 1000, 175, 140, 4, 46, 267
2.0, 10000, 303, 249, 4, 80, 3038
2.0, 100000, 385, 224, 2, 72, 30728
2.0, 1000000, 385, 242, 0, 69, 307697
2.0, 10000000, 426, 220, 9, 51, 3076215
2.0, 1000000000, 550, 165, 3, 44, 307670434
5.0, 1, 1, 1, 0, 1, 0
5.0, 10, 10, 10, 1, 7, 0
5.0, 100, 72, 72, 0, 42, 18
5.0, 1000, 394, 394, 1, 185, 294
5.0, 10000, 613, 532, 0, 231, 3876
5.0, 100000, 685, 599, 0, 266, 39869
5.0, 1000000, 748, 340, 0, 158, 399609
5.0, 10000000, 833, 452, 1, 184, 3999952
1.0, 1000000000, 515, 223, 0, 23, 222236580
2.0, 1, 1, 1, 0, 1, 0
2.0, 10, 10, 10, 9, 1, 0
2.0, 100, 82, 82, 1, 26, 10
2.0, 1000, 236, 235, 0, 69, 242
2.0, 10000, 380, 208, 4, 61, 2995
2.0, 100000, 406, 239, 4, 69, 30777
2.0, 1000000, 479, 209, 3, 57, 307783
0.01, 100000000, 89167238, 89167238, 89167237, 1, 396569
2.0, 10000000, 479, 270, 0, 85, 3077202
0.1, 100000000, 26731976, 26731972, 15, 2, 3704856
0.01, 1000000000, 901155934, 901155934, 901155933, 1, 3970827
0.1, 1, 1, 1, 0, 1, 0
0.1, 10, 10, 10, 2, 2, 0
0.1, 100, 68, 37, 29, 2, 4
0.1, 1000, 480, 480, 19, 2, 34
0.1, 10000, 2957, 2928, 9, 6, 360
0.1, 100000, 29695, 29687, 29686, 1, 3748
0.1, 1000000, 308511, 308511, 84, 2, 36808
0.1, 100000000, 26931620, 26931571, 15, 2, 3700389
0.5, 1000000000, 82500, 82176, 0, 14, 142862971
1.0, 1, 1, 1, 0, 1, 0
1.0, 10, 10, 10, 9, 1, 0
1.0, 100, 66, 61, 4, 18, 11
1.0, 1000, 135, 106, 0, 31, 191
1.0, 10000, 229, 84, 2, 27, 2182
1.0, 100000, 270, 202, 1, 33, 22130
0.1, 10000000, 3039643, 3039620, 3039619, 1, 370469
1.0, 1000000, 331, 177, 0, 34, 222113
2.0, 100000000, 439, 218, 2, 61, 30769810
1.0, 10000000, 408, 224, 9, 33, 2222949
5.0, 100000000, 918, 470, 5, 185, 39996719
2.0, 100000000, 543, 296, 0, 77, 30771457
0.1, 100000000, 30534671, 30534613, 87, 2, 3703170
1.0, 100000000, 456, 233, 1, 35, 22227617
0.01, 1000000000, 891467878, 891467878, 891467877, 1, 3970284
0.1, 1, 1, 1, 0, 1, 0
0.1, 10, 10, 10, 9, 1, 0
0.1, 100, 50, 47, 46, 1, 7
0.1, 1000, 355, 284, 283, 1, 48
0.1, 10000, 2743, 2743, 32, 4, 374
0.1, 100000, 26824, 26824, 32, 3, 3688
0.1, 1000000, 259998, 259974, 259973, 1, 37159
0.1, 10000000, 2620671, 2620661, 7, 3, 369905
0.1, 1000000000, 267314278, 267314278, 36, 6, 37038736
0.5, 1, 1, 1, 0, 1, 0
0.5, 10, 10, 10, 4, 3, 0
0.5, 100, 69, 69, 6, 6, 6
0.5, 1000, 120, 76, 12, 11, 117
0.5, 10000, 189, 186, 14, 19, 1417
0.5, 100000, 314, 84, 1, 11, 14294
0.5, 1000000, 506, 129, 8, 10, 142857
0.5, 10000000, 993, 725, 7, 13, 1428491
0.1, 1000000000, 268690587, 268690568, 1, 4, 37047222
0.5, 1, 1, 1, 0, 1, 0
0.5, 10, 10, 10, 0, 4, 0
0.5, 100, 54, 53, 2, 10, 5
0.5, 1000, 140, 60, 0, 7, 130
0.5, 10000, 198, 132, 1, 15, 1375
0.5, 100000, 337, 142, 9, 15, 14178
0.5, 1000000, 492, 367, 10, 18, 143494
5.0, 1000000000, 918, 561, 3, 215, 400001996
0.01, 1, 1, 1, 0, 1, 0
0.01, 10, 10, 10, 9, 1, 0
0.01, 100, 99, 99, 98, 1, 1
0.01, 1000, 794, 794, 793, 1, 5
0.01, 10000, 9257, 9257, 9256, 1, 30
0.01, 100000, 90501, 90501, 90500, 1, 389
0.01, 1000000, 904993, 904993, 904992, 1, 3925
2.0, 1000000000, 487, 301, 1, 69, 307697626
5.0, 1, 1, 1, 0, 1, 0
5.0, 10, 10, 10, 4, 4, 0
5.0, 100, 78, 78, 0, 41, 12
5.0, 1000, 272, 262, 4, 114, 324
5.0, 10000, 554, 413, 3, 165, 3917
5.0, 100000, 562, 317, 10, 124, 39952
5.0, 1000000, 624, 424, 9, 167, 399868
0.5, 10000000, 1382, 1218, 7, 12, 1428358
0.01, 10000000, 9036429, 9036429, 9036428, 1, 39620
5.0, 10000000, 657, 394, 4, 163, 3999454
0.1, 100000000, 26193169, 26193169, 32, 2, 3700672
2.0, 1000000000, 591, 347, 0, 76, 307708010
5.0, 1, 1, 1, 0, 1, 0
5.0, 10, 10, 10, 0, 10, 0
5.0, 100, 75, 75, 1, 47, 16
5.0, 1000, 321, 310, 0, 156, 310
5.0, 10000, 706, 706, 1, 308, 3814
5.0, 100000, 873, 680, 0, 292, 39841
5.0, 1000000, 1028, 535, 0, 245, 399917
5.0, 10000000, 1028, 655, 2, 278, 3999975
0.5, 100000000, 8453, 8186, 0, 9, 14287883
0.1, 1000000000, 304823763, 304823705, 0, 3, 37043315
0.5, 1, 1, 1, 0, 1, 0
0.5, 10, 10, 10, 1, 3, 0
0.5, 100, 42, 28, 8, 5, 11
0.5, 1000, 114, 30, 25, 2, 139
0.5, 10000, 224, 176, 8, 10, 1387
0.5, 100000, 332, 133, 8, 7, 14168
0.5, 1000000, 727, 528, 1, 12, 142854
0.5, 100000000, 10095, 9775, 2, 9, 14291296
0.01, 100000000, 90353630, 90353630, 75, 2, 395880
1.0, 1000000000, 557, 305, 0, 37, 222226292
2.0, 1, 1, 1, 0, 1, 0
2.0, 10, 8, 8, 0, 5, 1
2.0, 100, 72, 72, 1, 33, 10
2.0, 1000, 292, 269, 0, 87, 246
2.0, 10000, 428, 237, 1, 83, 3034
2.0, 100000, 435, 259, 1, 87, 30619
2.0, 1000000, 477, 260, 8, 77, 307771
5.0, 100000000, 714, 455, 1, 176, 39998890
0.5, 10000000, 3180, 2950, 10, 10, 1427331
2.0, 10000000, 540, 414, 2, 115, 3078540
5.0, 100000000, 1133, 647, 2, 253, 39999528
0.5, 100000000, 29437, 29169, 2, 7, 14286093
2.0, 100000000, 593, 346, 6, 104, 30775057
0.1, 1000000000, 261560572, 261560509, 261560508, 1, 37023394
0.5, 1, 1, 1, 0, 1, 0
0.5, 10, 10, 10, 5, 2, 0
0.5, 100, 86, 86, 5, 13, 4
0.5, 1000, 149, 74, 0, 14, 140
0.5, 10000, 259, 98, 3, 13, 1483
0.5, 100000, 373, 248, 0, 17, 14217
0.5, 1000000, 567, 178, 17, 6, 143321
0.5, 10000000, 916, 618, 0, 14, 1430462
0.01, 1000000000, 903334930, 903334930, 903334929, 1, 3966859
0.1, 1, 1, 1, 0, 1, 0
0.1, 10, 10, 10, 0, 2, 0
0.1, 100, 47, 27, 26, 1, 5
0.1, 1000, 234, 234, 9, 3, 46
0.1, 10000, 3367, 3328, 28, 2, 387
0.1, 100000, 31214, 31214, 31213, 1, 3807
0.1, 1000000, 318419, 318418, 10, 4, 36995
0.5, 1000000000, 88487, 88297, 11, 16, 142864164
1.0, 1, 1, 1, 0, 1, 0
1.0, 10, 10, 10, 2, 3, 0
1.0, 100, 75, 72, 6, 18, 11
1.0, 1000, 150, 120, 5, 27, 200
1.0, 10000, 239, 93, 5, 24, 2209
1.0, 100000, 303, 202, 8, 28, 22310
1.0, 1000000, 361, 122, 3, 20, 221389
5.0, 1000000000, 751, 360, 10, 142, 399997369
0.01, 1, 1, 1, 0, 1, 0
0.01, 10, 10, 10, 9, 1, 0
0.01, 100, 100, 100, 99, 1, 0
0.01, 1000, 885, 885, 884, 1, 5
0.01, 10000, 9086, 9086, 9085, 1, 36
0.01, 100000, 89342, 89342, 89341, 1, 395
0.1, 10000000, 3163394, 3163394, 3163393, 1, 370274
0.01, 1000000, 902460, 902460, 902459, 1, 3935
1.0, 10000000, 398, 165, 7, 32, 2220301
0.01, 10000000, 8997633, 8997633, 8997632, 1, 39706
0.5, 1000000000, 97022, 96835, 2, 11, 142870493
1.0, 1, 1, 1, 0, 1, 0
1.0, 10, 7, 4, 0, 2, 1
1.0, 100, 73, 64, 3, 17, 11
1.0, 1000, 169, 140, 3, 32, 208
1.0, 10000, 242, 157, 0, 30, 2232
1.0, 100000, 284, 169, 0, 35, 22271
1.0, 1000000, 355, 187, 0, 35, 221984
1.0, 10000000, 368, 250, 0, 38, 2222117
5.0, 1000000000, 1184, 624, 1, 263, 399991690
0.01, 1, 1, 1, 0, 1, 0
0.01, 10, 10, 10, 9, 1, 0
0.01, 100, 80, 80, 79, 1, 1
0.01, 1000, 842, 833, 832, 1, 6
0.01, 10000, 8500, 8500, 8499, 1, 55
0.01, 100000, 89478, 89478, 89477, 1, 406
0.01, 1000000, 893235, 893235, 893234, 1, 3938
0.01, 10000000, 8927645, 8927645, 8927644, 1, 39557
0.5, 100000000, 5962, 5794, 11, 16, 14281121
0.1, 100000000, 31671693, 31671693, 31671692, 1, 3702180
1.0, 100000000, 457, 182, 3, 28, 22218355
0.01, 100000000, 89932372, 89932372, 89932371, 1, 396112
2.0, 1000000000, 618, 311, 2, 94, 307702438
5.0, 1, 1, 1, 0, 1, 0
5.0, 10, 7, 7, 0, 3, 1
5.0, 100, 79, 79, 0, 50, 9
5.0, 1000, 428, 422, 0, 226, 271
5.0, 10000, 1187, 1158, 0, 565, 3695
5.0, 100000, 1788, 1481, 0, 715, 39701
5.0, 1000000, 2180, 1606, 1, 754, 399770
0.5, 1000000000, 298578, 298399, 1, 13, 142867802
1.0, 1, 1, 1, 0, 1, 0
1.0, 10, 10, 10, 1, 3, 0
1.0, 100, 71, 60, 7, 12, 13
1.0, 1000, 186, 120, 0, 23, 206
1.0, 10000, 231, 117, 16, 16, 2148
1.0, 100000, 272, 164, 4, 26, 22042
1.0, 1000000, 345, 135, 0, 22, 221995
5.0, 10000000, 2180, 1525, 3, 716, 3999136
1.0, 100000000, 487, 211, 0, 25, 22218380
1.0, 10000000, 406, 192, 2, 20, 2221503
0.01, 100000000, 89272325, 89272325, 89272324, 1, 395826
5.0, 100000000, 2309, 1407, 2, 657, 39997767
1.0, 100000000, 485, 204, 0, 23, 22220213
0.5, 1000000000, 57944, 57704, 11, 12, 142852047
0.1, 1, 1, 1, 0, 1, 0
0.1, 10, 10, 10, 9, 1, 0
0.1, 100, 100, 100, 99, 1, 0
0.1, 1000, 508, 486, 8, 4, 36
0.1, 10000, 2499, 2499, 6, 3, 361
0.1, 100000, 24186, 24098, 38, 2, 3726
0.1, 1000000, 256562, 256542, 28, 2, 36962
0.1, 10000000, 2527555, 2527410, 2527409, 1, 371582
0.1, 1000000000, 316596116, 316596064, 6, 5, 37029447
0.5, 1, 1, 1, 0, 1, 0
0.5, 10, 9, 9, 2, 4, 1
0.5, 100, 47, 44, 13, 9, 12
0.5, 1000, 123, 59, 0, 9, 153
0.5, 10000, 179, 77, 0, 7, 1471
0.5, 100000, 294, 100, 34, 7, 14233
0.5, 1000000, 785, 681, 3, 10, 142715
0.01, 1000000000, 899247172, 899247172, 899247171, 1, 3967214
0.1, 1, 1, 1, 0, 1, 0
0.1, 10, 10, 10, 7, 2, 0
0.1, 100, 57, 48, 1, 4, 3
0.1, 1000, 457, 457, 60, 3, 31
0.1, 10000, 3040, 3007, 1, 2, 362
0.1, 100000, 30844, 30840, 30839, 1, 3656
0.1, 1000000, 298082, 298074, 0, 2, 37074
0.5, 10000000, 5584, 5428, 1, 8, 1428823
0.1, 10000000, 2926953, 2926953, 2926952, 1, 370754
1.0, 1000000000, 510, 216, 5, 24, 222212177
0.5, 1, 1, 1, 0, 1, 0
0.5, 10, 10, 10, 1, 2, 0
0.5, 100, 65, 53, 1, 7, 10
0.5, 1000, 209, 209, 16, 21, 139
0.5, 10000, 220, 162, 5, 16, 1425
0.5, 100000, 357, 198, 0, 14, 14394
0.5, 1000000, 448, 229, 11, 7, 143312
0.5, 10000000, 1088, 870, 2, 12, 1429457
1.0, 1000000000, 538, 194, 11, 35, 222223008
2.0, 1, 1, 1, 0, 1, 0
2.0, 10, 10, 10, 0, 8, 0
2.0, 100, 69, 64, 2, 29, 12
2.0, 1000, 202, 122, 1, 47, 280
2.0, 10000, 299, 190, 0, 64, 3010
2.0, 100000, 384, 307, 12, 82, 30654
2.0, 1000000, 387, 279, 1, 82, 307513
2.0, 10000000, 455, 274, 1, 74, 3078429
0.01, 1000000000, 892419327, 892419327, 25, 2, 3966712
5.0, 1, 1, 1, 0, 1, 0
5.0, 10, 10, 10, 0, 7, 0
5.0, 100, 78, 78, 0, 48, 14
5.0, 1000, 250, 247, 0, 108, 332
5.0, 10000, 404, 310, 1, 114, 3912
5.0, 100000, 451, 331, 2, 117, 39942
5.0, 1000000, 485, 310, 0, 117, 399715
5.0, 10000000, 512, 373, 0, 150, 4000480
0.1, 100000000, 25453406, 25453405, 10, 2, 3706185
0.5, 100000000, 49615, 49428, 2, 9, 14288944
5.0, 1000000000, 2423, 1702, 2, 762, 399994596
0.5, 1, 1, 1, 0, 1, 0
0.5, 10, 10, 10, 4, 2, 0
0.5, 100, 80, 80, 2, 16, 6
0.5, 1000, 149, 74, 8, 14, 143
0.5, 10000, 226, 150, 1, 20, 1440
0.5, 100000, 332, 210, 0, 18, 14236
0.5, 1000000, 461, 304, 3, 14, 142664
0.1, 100000000, 29501467, 29501390, 2, 3, 3702844
0.5, 10000000, 905, 645, 6, 14, 1428415
0.5, 100000000, 8077, 7860, 2, 11, 14289815
1.0, 1000000000, 577, 312, 0, 27, 222233372
0.01, 1, 1, 1, 0, 1, 0
0.01, 10, 10, 10, 9, 1, 0
0.01, 100, 100, 100, 99, 1, 0
0.01, 1000, 933, 918, 917, 1, 3
0.01, 10000, 9203, 9203, 9202, 1, 35
0.01, 100000, 89437, 89437, 89436, 1, 409
0.01, 1000000, 891013, 891013, 891012, 1, 4024
0.01, 10000000, 8905970, 8905970, 8905969, 1, 39982
2.0, 100000000, 501, 252, 0, 63, 30766578
5.0, 100000000, 579, 262, 8, 106, 40001384
0.5, 100000000, 5047, 4766, 3, 20, 14286034
0.01, 100000000, 89085416, 89085412, 89085411, 1, 397397
0.1, 1000000000, 254995723, 254995679, 53, 2, 37037445
0.5, 1, 1, 1, 0, 1, 0
0.5, 10, 10, 10, 0, 2, 0
0.5, 100, 70, 70, 43, 6, 8
0.5, 1000, 172, 137, 22, 10, 136
0.5, 10000, 224, 98, 4, 10, 1384
0.5, 100000, 283, 168, 7, 13, 14241
0.5, 1000000, 480, 188, 5, 11, 142713
0.5, 10000000, 993, 792, 5, 13, 1427666
0.1, 1000000000, 295319631, 295319581, 11, 2, 37040798
5.0, 1, 1, 1, 0, 1, 0
5.0, 10, 10, 10, 0, 6, 0
5.0, 100, 87, 87, 0, 54, 8
5.0, 1000, 388, 388, 3, 192, 289
5.0, 10000, 730, 704, 0, 328, 3788
5.0, 100000, 795, 727, 0, 341, 39811
5.0, 1000000, 939, 687, 1, 302, 400316
0.5, 1000000000, 499497, 499343, 29, 7, 142854088
0.1, 1, 1, 1, 0, 1, 0
0.1, 10, 10, 10, 9, 1, 0
0.1, 100, 64, 46, 17, 3, 2
0.1, 1000, 243, 239, 8, 5, 43
0.1, 10000, 2785, 2785, 59, 3, 376
0.1, 100000, 27476, 27476, 14, 2, 3742
0.1, 1000000, 276520, 276520, 121, 2, 37063
5.0, 10000000, 1005, 715, 3, 313, 3998760
0.1, 10000000, 2770059, 2770050, 22, 4, 370585
0.5, 1000000000, 77134, 76828, 8, 12, 142875425
1.0, 1, 1, 1, 0, 1, 0
1.0, 10, 10, 10, 3, 3, 0
1.0, 100, 71, 58, 0, 18, 11
1.0, 1000, 152, 110, 0, 24, 218
1.0, 10000, 251, 135, 12, 26, 2199
1.0, 100000, 293, 135, 3, 28, 22094
1.0, 1000000, 359, 210, 1, 26, 222307
2.0, 1000000000, 558, 250, 6, 64, 307688017
0.5, 1, 1, 1, 0, 1, 0
0.5, 10, 10, 10, 2, 2, 0
0.5, 100, 56, 55, 10, 6, 7
0.5, 1000, 169, 67, 8, 11, 126
0.5, 10000, 303, 122, 18, 10, 1440
0.5, 100000, 401, 205, 6, 19, 14403
0.5, 1000000, 403, 61, 4, 11, 142749
1.0, 10000000, 481, 158, 4, 23, 2223283
0.5, 10000000, 556, 266, 1, 21, 1428450
5.0, 1000000000, 633, 414, 0, 126, 399990835
0.01, 1, 1, 1, 0, 1, 0
0.01, 10, 10, 10, 9, 1, 0
0.01, 100, 93, 27, 26, 1, 1
0.01, 1000, 763, 763, 762, 1, 4
0.01, 10000, 8609, 8609, 8608, 1, 44
0.01, 100000, 88486, 88486, 88485, 1, 413
0.01, 1000000, 887769, 887769, 887768, 1, 3976
0.01, 10000000, 8853362, 8853362, 8853361, 1, 39931
0.5, 100000000, 6291, 6119, 6, 19, 14280094
0.5, 1000000000, 48006, 47871, 31, 9, 142845770
1.0, 1, 1, 1, 0, 1, 0
1.0, 10, 10, 10, 4, 3, 0
1.0, 100, 65, 65, 3, 20, 9
1.0, 1000, 154, 75, 1, 23, 203
1.0, 10000, 228, 178, 4, 40, 2175
1.0, 100000, 286, 212, 0, 43, 22135
1.0, 1000000, 398, 241, 2, 39, 222216
0.01, 1000000000, 891092611, 891092611, 891092610, 1, 3969601
0.1, 1, 1, 1, 0, 1, 0
0.1, 10, 10, 10, 9, 1, 0
0.1, 100, 77, 60, 2, 5, 2
0.1, 1000, 309, 242, 21, 2, 46
0.1, 10000, 3213, 3157, 11, 3, 364
0.1, 100000, 26224, 26138, 26137, 1, 3697
0.1, 1000000, 259975, 259856, 259855, 1, 36888
5.0, 100000000, 1080, 644, 2, 284, 39995986
1.0, 10000000, 422, 158, 0, 30, 2221027
0.1, 100000000, 27731552, 27731552, 1, 5, 3705721
0.1, 10000000, 2612597, 2612561, 55, 2, 369832
1.0, 100000000, 481, 132, 9, 20, 22220507
0.5, 100000000, 1883, 1232, 18, 15, 14287992
0.01, 100000000, 88641756, 88641756, 88641755, 1, 395842
1.0, 100000000, 509, 264, 8, 35, 22216909
0.1, 100000000, 26017004, 26016904, 26016903, 1, 3702640
0.5, 1000000000, 58605, 58373, 2, 17, 142853511
1.0, 1, 1, 1, 0, 1, 0
1.0, 10, 10, 10, 0, 6, 0
1.0, 100, 60, 60, 3, 15, 12
1.0, 1000, 223, 215, 0, 46, 210
1.0, 10000, 281, 113, 0, 24, 2254
1.0, 100000, 366, 145, 0, 32, 22078
1.0, 1000000, 371, 221, 7, 29, 221804
5.0, 1000000000, 1126, 750, 0, 301, 399997825
0.01, 1, 1, 1, 0, 1, 0
0.01, 10, 10, 10, 4, 3, 0
0.01, 100, 74, 74, 69, 2, 1
0.01, 1000, 818, 818, 817, 1, 7
0.01, 10000, 8896, 8896, 8895, 1, 36
0.01, 100000, 87529, 87529, 87528, 1, 430
1.0, 10000000, 411, 118, 2, 22, 2223037
0.01, 1000000, 889498, 889498, 889497, 1, 4135
0.01, 10000000, 8907768, 8907768, 8907767, 1, 40073
0.1, 1000000000, 277686440, 277686322, 8, 2, 37045628
0.5, 1, 1, 1, 0, 1, 0
0.5, 10, 9, 9, 0, 3, 1
0.5, 100, 67, 53, 19, 8, 7
0.5, 1000, 148, 119, 2, 14, 128
0.5, 10000, 296, 147, 14, 9, 1365
0.5, 100000, 402, 133, 0, 12, 13969
0.5, 1000000, 554, 237, 9, 5, 142947
0.5, 10000000, 1682, 1501, 3, 6, 1428632
1.0, 1000000000, 500, 238, 6, 31, 222227971
2.0, 1, 1, 1, 0, 1, 0
2.0, 10, 9, 9, 1, 4, 1
2.0, 100, 79, 79, 4, 29, 9
2.0, 1000, 258, 217, 0, 73, 245
2.0, 10000, 337, 226, 0, 69, 3018
0.01, 1000000000, 886572473, 886572473, 27, 2, 3964660
0.1, 1, 1, 1, 0, 1, 0
0.1, 10, 10, 10, 2, 3, 0
0.1, 100, 76, 55, 47, 3, 4
0.1, 1000, 362, 354, 3, 3, 31
0.1, 10000, 2338, 2338, 23, 2, 382
2.0, 100000, 369, 188, 0, 55, 30772
0.1, 100000, 23347, 23213, 44, 2, 3766
2.0, 1000000, 493, 212, 5, 59, 307702
0.1, 1000000, 244553, 244553, 23, 2, 37143
0.5, 1000000000, 10918, 10473, 21, 10, 142856722
1.0, 1, 1, 1, 0, 1, 0
1.0, 10, 10, 10, 0, 5, 0
1.0, 100, 67, 61, 7, 17, 10
1.0, 1000, 207, 196, 2, 46, 193
1.0, 10000, 278, 274, 1, 81, 2161
1.0, 100000, 367, 199, 10, 41, 22231
1.0, 1000000, 447, 242, 4, 53, 222089
2.0, 10000000, 493, 245, 2, 74, 3077198
0.1, 10000000, 2436090, 2436090, 103, 2, 370156
1.0, 10000000, 508, 290, 2, 57, 2221362
1.0, 100000000, 482, 284, 4, 33, 22222282
0.01, 100000000, 89165627, 89165627, 89165626, 1, 397316
1.0, 1000000000, 586, 337, 1, 41, 222220112
2.0, 1, 1, 1, 0, 1, 0
2.0, 10, 7, 7, 2, 4, 1
2.0, 100, 67, 67, 0, 25, 12
2.0, 1000, 262, 260, 0, 94, 259
2.0, 10000, 437, 271, 1, 102, 3004
2.0, 100000, 545, 407, 1, 134, 30643
2.0, 1000000, 596, 347, 1, 106, 307378
0.1, 1000000000, 260171897, 260171858, 56, 5, 37044890
0.5, 1, 1, 1, 0, 1, 0
0.5, 10, 10, 10, 9, 1, 0
0.5, 100, 84, 79, 5, 8, 4
0.5, 1000, 159, 111, 4, 15, 127
0.5, 10000, 259, 177, 2, 12, 1388
0.5, 100000, 395, 132, 5, 9, 14111
0.5, 1000000, 445, 215, 4, 11, 142505
2.0, 10000000, 616, 458, 1, 150, 3076398
0.5, 10000000, 1120, 884, 4, 18, 1429378
0.5, 100000000, 11912, 11630, 2, 9, 14283080
2.0, 100000000, 532, 262, 1, 77, 30766727
0.1, 100000000, 24343362, 24343358, 31, 2, 3703465
1.0, 100000000, 556, 254, 5, 50, 22218689
2.0, 100000000, 673, 326, 3, 117, 30766876
0.5, 100000000, 6782, 6572, 2, 12, 14290059
0.01, 1000000000, 891780897, 891780897, 891780896, 1, 3969389
0.1, 1, 1, 1, 0, 1, 0
0.1, 10, 10, 10, 9, 1, 0
0.1, 100, 95, 85, 24, 2, 1
0.1, 1000, 406, 386, 25, 2, 31
0.1, 10000, 2605, 2591, 2, 6, 382
0.1, 100000, 24997, 24983, 19, 2, 3760
0.1, 1000000, 259666, 259666, 5, 5, 37416
0.1, 10000000, 2626719, 2626703, 5, 4, 370794
1.0, 1000000000, 560, 309, 3, 31, 222233516
2.0, 1, 1, 1, 0, 1, 0
2.0, 10, 9, 9, 0, 5, 1
2.0, 100, 72, 72, 2, 31, 17
2.0, 1000, 255, 255, 0, 80, 254
2.0, 10000, 470, 229, 0, 72, 3023
2.0, 100000, 470, 224, 2, 81, 30634
2.0, 1000000, 505, 369, 3, 107, 307954
2.0, 10000000, 552, 267, 2, 74, 3077945
0.5, 1000000000, 118077, 117911, 13, 13, 142851026
1.0, 1, 1, 1, 0, 1, 0
1.0, 10, 10, 10, 1, 3, 0
1.0, 100, 63, 63, 1, 14, 9
1.0, 1000, 190, 144, 3, 30, 203
1.0, 10000, 252, 142, 0, 33, 2211
1.0, 100000, 292, 238, 0, 37, 22251
1.0, 1000000, 361, 177, 14, 28, 222568
1.0, 10000000, 418, 347, 23, 37, 2222729
1.0, 1000000000, 594, 297, 4, 52, 222224503
2.0, 1, 1, 1, 0, 1, 0
2.0, 10, 10, 10, 0, 4, 0
2.0, 100, 81, 81, 0, 36, 7
2.0, 1000, 354, 346, 2, 147, 208
2.0, 10000, 775, 604, 5, 240, 2895
2.0, 100000, 957, 687, 7, 255, 30442
2.0, 1000000000, 555, 249, 4, 58, 307687474
5.0, 1, 1, 1, 0, 1, 0
5.0, 10, 10, 10, 0, 8, 0
5.0, 100, 71, 71, 0, 41, 16
5.0, 1000, 371, 371, 0, 175, 294
5.0, 10000, 769, 737, 1, 320, 3834
5.0, 100000, 786, 641, 5, 273, 39832
2.0, 1000000, 1073, 478, 1, 184, 307640
5.0, 1000000, 911, 643, 2, 272, 400157
0.1, 1000000000, 243292839, 243292825, 243292824, 1, 37037676
0.5, 1, 1, 1, 0, 1, 0
0.5, 10, 10, 10, 1, 4, 0
0.5, 100, 38, 24, 0, 9, 9
0.5, 1000, 150, 136, 1, 19, 138
0.5, 10000, 238, 141, 0, 17, 1370
0.5, 100000, 348, 128, 0, 8, 14229
0.5, 1000000, 387, 176, 0, 12, 142852
2.0, 10000000, 1279, 698, 0, 270, 3077345
5.0, 10000000, 954, 711, 0, 294, 4000624
0.5, 10000000, 934, 630, 2, 13, 1428028
0.1, 100000000, 26344579, 26344521, 53, 2, 3705279
2.0, 100000000, 618, 365, 5, 88, 30768776
2.0, 1000000000, 752, 326, 3, 98, 307679665
5.0, 1, 1, 1, 0, 1, 0
5.0, 10, 10, 10, 1, 7, 0
5.0, 100, 87, 87, 2, 54, 11
5.0, 1000, 453, 453, 2, 250, 256
5.0, 10000, 1558, 1524, 0, 749, 3529
5.0, 100000, 3034, 2774, 1, 1328, 39150
5.0, 1000000, 3830, 3109, 3, 1463, 399248
5.0, 10000000, 3881, 2445, 4, 1173, 4000040
0.5, 1000000000, 59457, 59206, 24, 11, 142862604
1.0, 1, 1, 1, 0, 1, 0
1.0, 10, 10, 10, 0, 3, 0
1.0, 100, 56, 52, 10, 11, 8
1.0, 1000, 184, 161, 2, 39, 189
1.0, 10000, 283, 155, 1, 34, 2182
1.0, 100000, 295, 155, 3, 42, 22315
1.0, 1000000, 375, 241, 8, 38, 222119
1.0, 100000000, 486, 241, 0, 25, 22220136
1.0, 10000000, 449, 195, 2, 38, 2223166
5.0, 100000000, 1007, 674, 0, 279, 39997359
2.0, 100000000, 1279, 758, 2, 263, 30769171
0.5, 100000000, 4299, 4125, 1, 16, 14290702
5.0, 100000000, 4324, 2946, 8, 1410, 39999473
1.0, 100000000, 475, 180, 4, 17, 22221618
0.1, 1000000000, 263232375, 263232333, 263232332, 1, 37036947
0.5, 1, 1, 1, 0, 1, 0
0.5, 10, 10, 10, 4, 2, 0
0.5, 100, 74, 74, 4, 10, 6
0.5, 1000, 163, 110, 3, 16, 134
0.5, 10000, 310, 151, 0, 18, 1424
0.5, 100000, 344, 223, 1, 18, 14416
0.5, 1000000, 404, 234, 1, 11, 142602
2.0, 1000000000, 675, 260, 4, 82, 307693309
5.0, 1, 1, 1, 0, 1, 0
5.0, 10, 10, 10, 0, 8, 0
5.0, 100, 73, 73, 0, 46, 15
5.0, 1000, 378, 368, 2, 176, 283
5.0, 10000, 1141, 1090, 0, 486, 3687
5.0, 100000, 1737, 1303, 4, 547, 39713
5.0, 1000000, 1941, 1287, 3, 517, 399995
0.5, 10000000, 1120, 860, 9, 13, 1429201
5.0, 10000000, 2012, 1333, 0, 543, 3999668
5.0, 1000000000, 1076, 663, 4, 266, 399999566
0.01, 1, 1, 1, 0, 1, 0
0.01, 10, 10, 10, 9, 1, 0
0.01, 100, 100, 100, 16, 2, 0
0.01, 1000, 882, 882, 881, 1, 2
0.01, 10000, 9227, 9227, 9226, 1, 37
0.01, 100000, 89769, 89769, 89768, 1, 396
0.01, 1000000, 899779, 899779, 899778, 1, 3870
0.01, 10000000, 8948256, 8948256, 8948255, 1, 39723
2.0, 1000000000, 1309, 787, 0, 285, 307713531
5.0, 1, 1, 1, 0, 1, 0
5.0, 10, 10, 10, 1, 5, 0
5.0, 100, 93, 93, 0, 61, 5
5.0, 1000, 543, 541, 6, 314, 211
5.0, 10000, 3392, 3391, 1, 1859, 2906
5.0, 100000, 25763, 25761, 1, 13521, 32012
5.0, 1000000, 226936, 226936, 0, 117299, 329716
1.0, 1000000000, 571, 244, 11, 26, 222226026
2.0, 1, 1, 1, 0, 1, 0
2.0, 10, 10, 10, 1, 6, 0
2.0, 100, 75, 75, 2, 36, 10
2.0, 1000, 196, 170, 1, 66, 263
2.0, 10000, 282, 179, 4, 66, 2999
2.0, 100000, 321, 265, 5, 89, 30610
2.0, 1000000, 402, 245, 4, 83, 307404
5.0, 10000000, 2215342, 2215342, 4, 1149363, 3309920
2.0, 10000000, 463, 244, 2, 65, 3076418
0.5, 1000000000, 40888, 40751, 12, 14, 142866256
1.0, 1, 1, 1, 0, 1, 0
1.0, 10, 9, 9, 0, 5, 1
1.0, 100, 76, 76, 1, 20, 9
1.0, 1000, 135, 111, 6, 30, 208
1.0, 10000, 215, 152, 6, 35, 2198
1.0, 100000, 286, 157, 1, 36, 22185
1.0, 1000000, 364, 157, 4, 32, 222644
1.0, 10000000, 447, 215, 3, 34, 2223425
5.0, 1000000000, 4503, 3172, 0, 1501, 399992931
0.01, 1, 1, 1, 0, 1, 0
0.01, 10, 10, 10, 9, 1, 0
0.01, 100, 100, 100, 99, 1, 0
0.01, 1000, 906, 906, 905, 1, 7
0.01, 10000, 8324, 8324, 8323, 1, 45
0.01, 100000, 89571, 89502, 89501, 1, 381
0.01, 1000000, 889616, 889616, 889615, 1, 3964
0.5, 100000000, 6992, 6819, 0, 11, 14288135
5.0, 100000000, 2177, 1255, 0, 536, 40000185
0.01, 10000000, 8906054, 8906054, 8906053, 1, 39627
0.01, 100000000, 89505234, 89505234, 89505233, 1, 397450
1.0, 1000000000, 571, 308, 9, 43, 222234597
2.0, 1, 1, 1, 0, 1, 0
2.0, 10, 10, 10, 0, 6, 0
2.0, 100, 74, 74, 3, 28, 11
2.0, 1000, 250, 205, 0, 79, 260
2.0, 10000, 340, 309, 1, 111, 3019
2.0, 100000, 436, 260, 0, 87, 30809
2.0, 1000000, 483, 323, 2, 102, 307743
5.0, 100000000, 22092070, 22092070, 0, 11458063, 33123169
2.0, 10000000, 552, 262, 0, 92, 3076615
2.0, 100000000, 501, 195, 3, 56, 30769127
1.0, 100000000, 475, 130, 0, 24, 22227367
0.01, 100000000, 88984719, 88984719, 88984718, 1, 396596
2.0, 100000000, 596, 364, 0, 104, 30772989
5.0, 1000000000, 2241, 1276, 3, 527, 400006430
1.0, 1, 1, 1, 0, 1, 0
1.0, 10, 10, 10, 0, 3, 0
1.0, 100, 72, 72, 1, 23, 9
1.0, 1000, 183, 171, 6, 44, 182
1.0, 10000, 239, 202, 2, 46, 2211
1.0, 100000, 330, 177, 6, 39, 22241
1.0, 1000000, 411, 234, 4, 44, 222203
1.0, 10000000, 414, 129, 0, 21, 2223031
0.5, 1000000000, 65056, 64800, 16, 11, 142848316
1.0, 1, 1, 1, 0, 1, 0
1.0, 10, 10, 10, 0, 6, 0
1.0, 100, 85, 85, 2, 23, 4
1.0, 1000, 242, 98, 0, 24, 199
1.0, 10000, 242, 164, 4, 38, 2168
1.0, 100000, 263, 129, 13, 22, 22131
1.0, 1000000, 362, 197, 2, 42, 222132
5.0, 1000000000, 221016009, 221015994, 2, 114638102, 331225160
0.01, 1, 1, 1, 0, 1, 0
0.01, 10, 10, 10, 9, 1, 0
0.01, 100, 100, 100, 99, 1, 0
0.01, 1000, 900, 900, 7, 2, 5
0.01, 10000, 9008, 8964, 8963, 1, 39
0.01, 100000, 89370, 89370, 89369, 1, 385
0.01, 1000000, 891508, 891508, 891507, 1, 3942
1.0, 10000000, 414, 175, 9, 41, 2222774
0.01, 10000000, 8929869, 8929869, 8929868, 1, 39579
0.01, 1000000000, 895121106, 895121106, 895121105, 1, 3971213
0.5, 1, 1, 1, 0, 1, 0
0.5, 10, 10, 10, 8, 2, 0
0.5, 100, 77, 77, 0, 9, 8
0.5, 1000, 165, 90, 3, 9, 116
0.5, 10000, 213, 79, 1, 9, 1383
0.5, 100000, 276, 143, 5, 10, 14373
0.5, 1000000, 550, 355, 1, 14, 143005
0.5, 10000000, 2757, 2584, 5, 9, 1427543
2.0, 1000000000, 549, 211, 1, 56, 307689293
0.01, 1, 1, 1, 0, 1, 0
0.01, 10, 10, 10, 9, 1, 0
0.01, 100, 97, 97, 96, 1, 1
0.01, 1000, 964, 964, 963, 1, 3
0.01, 10000, 9106, 9106, 9105, 1, 37
0.01, 100000, 89723, 89723, 89722, 1, 381
0.01, 1000000, 889522, 889522, 889521, 1, 4124
0.01, 10000000, 8945880, 8945880, 8945879, 1, 39714
1.0, 100000000, 491, 242, 8, 43, 22219778
0.01, 1000000000, 889533192, 889533192, 889533191, 1, 3968765
2.0, 1, 1, 1, 0, 1, 0
2.0, 10, 10, 10, 1, 7, 0
2.0, 100, 63, 59, 0, 24, 15
2.0, 1000, 230, 215, 1, 75, 256
2.0, 10000, 381, 246, 0, 87, 2948
2.0, 100000, 409, 175, 1, 61, 30717
2.0, 1000000, 470, 280, 0, 77, 307782
1.0, 1000000000, 566, 217, 2, 30, 222227238
0.01, 1, 1, 1, 0, 1, 0
0.01, 10, 10, 10, 9, 1, 0
0.01, 100, 75, 75, 74, 1, 1
0.01, 1000, 966, 966, 965, 1, 2
0.01, 10000, 9166, 9166, 9165, 1, 27
0.01, 100000, 91610, 91544, 16, 2, 360
0.01, 1000000, 901609, 901609, 901608, 1, 3941
2.0, 10000000, 533, 327, 2, 94, 3076207
0.01, 10000000, 8987073, 8987073, 8987072, 1, 40047
1.0, 100000000, 456, 186, 4, 35, 22224840
0.01, 100000000, 89240313, 89240310, 89240309, 1, 397456
0.5, 100000000, 21806, 21590, 1, 12, 14283297
2.0, 1000000000, 681, 270, 3, 82, 307687482
0.1, 1, 1, 1, 0, 1, 0
0.1, 10, 10, 10, 9, 1, 0
0.1, 100, 84, 79, 8, 5, 3
0.1, 1000, 377, 377, 11, 4, 35
0.1, 10000, 2518, 2446, 1, 2, 358
0.1, 100000, 27072, 27072, 23, 2, 3656
0.1, 1000000, 281988, 281910, 8, 3, 37057
0.1, 10000000, 2795397, 2795397, 3, 6, 370267
0.01, 100000000, 89480119, 89480119, 89480118, 1, 396457
2.0, 100000000, 632, 308, 6, 94, 30768252
0.01, 100000000, 89990683, 89990683, 89990682, 1, 396764
0.1, 100000000, 27987298, 27987298, 27, 9, 3698351
1.0, 1000000000, 534, 316, 4, 39, 222220031
2.0, 1, 1, 1, 0, 1, 0
2.0, 10, 10, 10, 2, 5, 0
2.0, 100, 70, 70, 0, 33, 10
2.0, 1000, 308, 268, 1, 98, 237
2.0, 10000, 513, 339, 2, 124, 3010
2.0, 100000, 575, 276, 2, 91, 30635
2.0, 1000000, 601, 348, 1, 109, 308379
2.0, 10000000, 657, 367, 0, 117, 3076147
1.0, 1000000000, 501, 250, 3, 42, 222224594
1.0, 1, 1, 1, 0, 1, 0
1.0, 10, 10, 10, 4, 2, 0
1.0, 100, 79, 76, 6, 14, 8
1.0, 1000, 187, 86, 5, 15, 199
1.0, 10000, 225, 126, 23, 16, 2167
1.0, 100000, 259, 128, 6, 17, 22169
1.0, 1000000, 324, 121, 2, 18, 222151
1.0, 10000000, 417, 215, 3, 22, 2223625
0.5, 1000000000, 217635, 217435, 16, 11, 142849982
1.0, 1, 1, 1, 0, 1, 0
1.0, 10, 10, 10, 0, 4, 0
1.0, 100, 74, 66, 6, 12, 12
1.0, 1000, 171, 140, 2, 26, 204
1.0, 10000, 246, 149, 6, 23, 2245
1.0, 100000, 289, 180, 0, 33, 22178
1.0, 1000000, 324, 187, 7, 27, 221870
1.0, 10000000, 422, 201, 5, 34, 2221707
0.01, 1000000000, 892694571, 892694571, 892694570, 1, 3969988
2.0, 1, 1, 1, 0, 1, 0
2.0, 10, 9, 8, 1, 2, 1
2.0, 100, 87, 87, 5, 30, 7
2.0, 1000, 207, 200, 0, 62, 263
2.0, 10000, 380, 348, 3, 94, 2963
2.0, 1000000000, 671, 335, 1, 87, 307680544
5.0, 1, 1, 1, 0, 1, 0
5.0, 10, 10, 10, 0, 7, 0
5.0, 100, 70, 70, 0, 40, 15
5.0, 1000, 362, 339, 0, 168, 294
5.0, 10000, 738, 615, 2, 282, 3805
2.0, 100000, 440, 230, 1, 63, 30651
5.0, 100000, 1011, 760, 2, 346, 39886
2.0, 1000000, 467, 258, 3, 77, 307706
5.0, 1000000, 1160, 781, 2, 339, 399903
0.01, 1000000000, 894564398, 894564398, 894564397, 1, 3964727
0.1, 1, 1, 1, 0, 1, 0
0.1, 10, 10, 10, 9, 1, 0
0.1, 100, 61, 36, 22, 2, 4
0.1, 1000, 319, 294, 293, 1, 36
0.1, 10000, 3007, 2928, 1, 2, 364
0.1, 100000, 27489, 27482, 23, 4, 3691
0.1, 1000000, 273481, 273481, 273480, 1, 37186
0.01, 1000000000, 900197780, 900197780, 900197779, 1, 3967406
0.1, 1, 1, 1, 0, 1, 0
0.1, 10, 9, 9, 8, 1, 1
0.1, 100, 73, 21, 20, 1, 5
0.1, 1000, 511, 486, 0, 3, 36
0.1, 10000, 3110, 3110, 3109, 1, 352
0.1, 100000, 29891, 29891, 42, 3, 3698
0.1, 1000000, 302136, 302086, 302085, 1, 37124
5.0, 10000000, 1211, 682, 0, 301, 4000432
2.0, 10000000, 519, 273, 3, 75, 3076210
2.0, 100000000, 690, 366, 3, 113, 30768692
0.1, 10000000, 2759455, 2759439, 61, 2, 369836
0.1, 10000000, 3011384, 3011353, 3011352, 1, 371179
1.0, 100000000, 475, 215, 3, 20, 22224309
1.0, 100000000, 445, 194, 3, 25, 22222699
0.1, 1000000000, 279580052, 279579984, 64, 2, 37027784
0.5, 1, 1, 1, 0, 1, 0
0.5, 10, 9, 7, 6, 1, 1
0.5, 100, 55, 51, 1, 6, 10
0.5, 1000, 163, 122, 0, 12, 142
0.5, 10000, 233, 157, 1, 13, 1430
0.5, 100000, 343, 165, 60, 4, 14123
0.5, 1000000, 686, 570, 2, 11, 142633
0.5, 10000000, 1823, 1546, 19, 7, 1426270
5.0, 100000000, 1333, 815, 5, 348, 40002316
2.0, 100000000, 593, 312, 3, 83, 30767340
0.1, 100000000, 27565269, 27565252, 64, 3, 3702149
0.1, 100000000, 30221351, 30221351, 2, 2, 3704460
0.5, 100000000, 14411, 14176, 0, 7, 14286742
2.0, 1000000000, 752, 471, 0, 153, 307678336
5.0, 1, 1, 1, 0, 1, 0
5.0, 10, 10, 10, 0, 8, 0
5.0, 100, 80, 80, 0, 52, 12
5.0, 1000, 472, 465, 2, 257, 243
5.0, 10000, 1788, 1774, 5, 921, 3457
5.0, 100000, 6504, 6367, 0, 3108, 38198
5.0, 1000000, 23699, 23523, 3, 11226, 393359
5.0, 10000000, 84338, 83705, 2, 39092, 3977069
1.0, 1000000000, 676, 244, 0, 13, 222235429
2.0, 1, 1, 1, 0, 1, 0
2.0, 10, 10, 10, 0, 7, 0
2.0, 100, 69, 69, 1, 22, 14
2.0, 1000, 187, 179, 0, 54, 274
2.0, 10000, 249, 195, 6, 41, 3050
2.0, 100000, 329, 204, 0, 49, 30833
2.0, 1000000, 335, 184, 6, 45, 307924
2.0, 10000000, 390, 249, 0, 40, 3077925
1.0, 1000000000, 514, 261, 0, 31, 222220742
2.0, 1, 1, 1, 0, 1, 0
2.0, 10, 9, 9, 0, 4, 1
2.0, 100, 81, 81, 3, 25, 12
2.0, 1000, 269, 259, 9, 78, 275
2.0, 10000, 281, 232, 0, 75, 3032
2.0, 100000, 353, 189, 1, 58, 30852
2.0, 1000000, 390, 192, 1, 55, 307818
5.0, 1000000000, 1441, 941, 3, 374, 400003902
0.01, 1, 1, 1, 0, 1, 0
0.01, 10, 10, 10, 9, 1, 0
0.01, 100, 100, 100, 21, 2, 0
0.01, 1000, 919, 919, 918, 1, 2
0.01, 10000, 8858, 8840, 8839, 1, 34
0.01, 100000, 87206, 87206, 87205, 1, 383
0.01, 1000000, 883298, 883298, 883297, 1, 3891
2.0, 10000000, 434, 234, 0, 61, 3076800
0.01, 10000000, 8813063, 8813063, 8813062, 1, 39721
2.0, 1000000000, 593, 250, 4, 68, 307696741
5.0, 1, 1, 1, 0, 1, 0
5.0, 10, 9, 9, 0, 4, 1
5.0, 100, 78, 78, 0, 48, 13
5.0, 1000, 362, 329, 3, 162, 310
5.0, 10000, 886, 817, 0, 348, 3780
5.0, 100000, 1200, 867, 3, 364, 39696
5.0, 1000000, 1264, 848, 0, 352, 399395
5.0, 100000000, 412232, 411088, 0, 190096, 39885679
0.1, 1000000000, 274648173, 274648116, 7, 5, 37039079
0.5, 1, 1, 1, 0, 1, 0
0.5, 10, 10, 10, 4, 2, 0
0.5, 100, 62, 62, 1, 8, 6
0.5, 1000, 138, 132, 3, 20, 134
0.5, 10000, 241, 179, 66, 7, 1444
0.5, 100000, 280, 82, 5, 11, 14323
0.5, 1000000, 530, 413, 2, 16, 143345
5.0, 10000000, 1312, 785, 3, 319, 3999039
0.5, 10000000, 1277, 962, 1, 13, 1429367
0.1, 1000000000, 302166143, 302166143, 5, 4, 37033578
0.5, 1, 1, 1, 0, 1, 0
0.5, 10, 10, 10, 4, 3, 0
0.5, 100, 67, 67, 13, 9, 8
0.5, 1000, 134, 80, 41, 7, 137
0.5, 10000, 268, 204, 9, 17, 1391
0.5, 100000, 316, 243, 0, 13, 14302
0.5, 1000000, 597, 443, 18, 13, 142895
0.5, 10000000, 3891, 3686, 45, 4, 1429269
2.0, 100000000, 421, 178, 1, 32, 30769937
2.0, 100000000, 498, 321, 1, 58, 30765219
0.01, 100000000, 88096067, 88096067, 88096066, 1, 397350
0.5, 1000000000, 143561, 143390, 0, 14, 142869819
1.0, 1, 1, 1, 0, 1, 0
1.0, 10, 9, 9, 6, 3, 1
1.0, 100, 63, 63, 1, 18, 12
1.0, 1000, 158, 69, 7, 18, 208
1.0, 10000, 277, 110, 2, 27, 2234
1.0, 100000, 324, 223, 0, 47, 22106
1.0, 1000000, 390, 195, 2, 32, 221756
1.0, 10000000, 465, 212, 3, 26, 2222914
5.0, 100000000, 1367, 1045, 5, 416, 39998370
0.5, 100000000, 10809, 10611, 7, 19, 14288398
0.5, 100000000, 35968, 35851, 10, 8, 14288282
1.0, 100000000, 482, 203, 1, 25, 22224409
5.0, 1000000000, 2510254, 2509404, 3, 1154311, 399307440
0.01, 1, 1, 1, 0, 1, 0
0.01, 10, 10, 10, 9, 1, 0
0.01, 100, 92, 71, 70, 1, 1
0.01, 1000, 852, 852, 851, 1, 7
0.01, 10000, 9075, 9075, 9074, 1, 38
0.01, 100000, 90102, 90046, 90045, 1, 375
0.01, 1000000, 890575, 890575, 890574, 1, 3994
0.01, 10000000, 8905981, 8905981, 8905980, 1, 39675
2.0, 1000000000, 466, 194, 0, 41, 307683142
5.0, 1, 1, 1, 0, 1, 0
5.0, 10, 10, 10, 2, 7, 0
5.0, 100, 72, 72, 0, 40, 14
5.0, 1000, 220, 218, 1, 91, 332
5.0, 10000, 336, 324, 0, 126, 3938
5.0, 100000, 417, 264, 0, 101, 39858
5.0, 1000000, 474, 340, 3, 111, 400094
5.0, 10000000, 504, 277, 0, 103, 3999213
0.01, 1000000000, 881211173, 881211173, 881211172, 1, 3967381
0.1, 1, 1, 1, 0, 1, 0
0.1, 10, 10, 10, 9, 1, 0
0.1, 100, 96, 96, 9, 2, 1
0.1, 1000, 311, 311, 310, 1, 38
0.1, 10000, 2677, 2564, 32, 2, 362
0.1, 100000, 19615, 19615, 3, 3, 3808
0.1, 1000000, 219438, 219279, 219278, 1, 36914
2.0, 1000000000, 499, 307, 0, 55, 307676664
5.0, 1, 1, 1, 0, 1, 0
5.0, 10, 10, 10, 0, 8, 0
5.0, 100, 79, 75, 1, 45, 13
5.0, 1000, 272, 264, 0, 134, 313
5.0, 10000, 478, 466, 2, 207, 3861
5.0, 100000, 617, 389, 1, 164, 39891
5.0, 1000000, 646, 429, 0, 192, 399586
0.1, 10000000, 2208227, 2208167, 53, 2, 370064
0.01, 100000000, 89078818, 89078818, 89078817, 1, 397562
5.0, 10000000, 737, 427, 1, 189, 3999843
5.0, 1000000000, 1473, 853, 1, 350, 399993739
0.01, 1, 1, 1, 0, 1, 0
0.01, 10, 10, 10, 9, 1, 0
0.01, 100, 100, 100, 99, 1, 0
0.01, 1000, 876, 876, 875, 1, 2
0.01, 10000, 9276, 9276, 9275, 1, 28
0.01, 100000, 89952, 89900, 89899, 1, 366
0.01, 1000000, 898008, 898008, 898007, 1, 3907
0.01, 10000000, 8933021, 8933021, 8933020, 1, 39317
0.5, 1000000000, 105097, 104770, 7, 12, 142840631
1.0, 1, 1, 1, 0, 1, 0
1.0, 10, 9, 9, 2, 4, 1
1.0, 100, 71, 71, 0, 13, 6
1.0, 1000, 217, 184, 4, 37, 194
1.0, 10000, 278, 161, 3, 26, 2155
1.0, 100000, 323, 204, 1, 42, 22250
1.0, 1000000, 417, 241, 1, 32, 221843
1.0, 10000000, 417, 160, 6, 23, 2222818
0.5, 1000000000, 352151, 351907, 0, 6, 142861243
1.0, 1, 1, 1, 0, 1, 0
1.0, 10, 10, 10, 3, 2, 0
1.0, 100, 63, 63, 5, 14, 12
1.0, 1000, 119, 43, 0, 11, 203
1.0, 10000, 189, 123, 0, 22, 2185
1.0, 100000, 234, 154, 0, 25, 22208
1.0, 1000000, 318, 217, 0, 26, 222257
5.0, 100000000, 559, 340, 5, 114, 39997395
1.0, 10000000, 391, 189, 0, 22, 2221863
0.1, 100000000, 22166013, 22165957, 9, 4, 3702256
5.0, 100000000, 821, 522, 3, 210, 39999373
0.01, 100000000, 89285679, 89285679, 89285678, 1, 396261
1.0, 1000000000, 613, 190, 10, 23, 222204469
2.0, 1, 1, 1, 0, 1, 0
2.0, 10, 10, 10, 0, 5, 0
2.0, 100, 78, 78, 1, 27, 13
2.0, 1000, 204, 204, 5, 59, 257
2.0, 10000, 324, 271, 7, 62, 3022
2.0, 100000, 374, 220, 1, 67, 30722
2.0, 1000000, 422, 277, 6, 78, 307516
2.0, 10000000, 482, 255, 8, 66, 3077326
1.0, 100000000, 494, 263, 9, 32, 22222025
1.0, 100000000, 514, 171, 7, 17, 22219585
2.0, 100000000, 582, 246, 0, 64, 30771551
0.01, 1000000000, 890768497, 890768497, 890768496, 1, 3969141
0.1, 1, 1, 1, 0, 1, 0
0.1, 10, 10, 10, 3, 2, 0
0.1, 100, 83, 83, 9, 4, 2
0.1, 1000, 364, 364, 363, 1, 33
0.1, 10000, 2656, 2630, 31, 3, 357
0.1, 100000, 25903, 25898, 25897, 1, 3742
0.1, 1000000, 260524, 260524, 4, 3, 37099
0.1, 10000000, 2608249, 2608131, 20, 2, 370856
5.0, 1000000000, 582, 318, 1, 124, 399997935
0.01, 1, 1, 1, 0, 1, 0
0.01, 10, 10, 10, 9, 1, 0
0.01, 100, 100, 100, 99, 1, 0
0.01, 1000, 938, 938, 41, 2, 3
0.01, 10000, 8706, 8706, 8705, 1, 37
0.01, 100000, 89898, 89898, 89897, 1, 377
0.01, 1000000, 893459, 893459, 893458, 1, 3905
0.01, 10000000, 8950644, 8950644, 8950643, 1, 39639
5.0, 1000000000, 821, 434, 1, 183, 399998544
0.1, 100000000, 26070630, 26070601, 20, 5, 3702797
0.1, 1000000000, 221520494, 221520493, 24, 2, 37030437
0.01, 1000000000, 892922807, 892922807, 25, 2, 3968400
0.1, 1, 1, 1, 0, 1, 0
0.1, 10, 10, 10, 9, 1, 0
0.1, 100, 100, 100, 12, 2, 0
0.1, 1000, 424, 424, 423, 1, 39
0.1, 10000, 2114, 2079, 10, 2, 401
0.1, 100000, 28943, 28903, 28902, 1, 3544
0.1, 1000000, 270529, 270529, 270528, 1, 36709
0.1, 10000000, 2689135, 2689135, 74, 3, 370349
1.0, 1000000000, 554, 343, 3, 32, 222198306
1.0, 1000000000, 590, 218, 0, 17, 222218785
2.0, 1, 1, 1, 0, 1, 0
2.0, 10, 10, 10, 5, 3, 0
2.0, 100, 74, 68, 0, 21, 12
2.0, 1000, 186, 132, 0, 35, 265
2.0, 10000, 294, 160, 2, 42, 3036
2.0, 100000, 319, 207, 3, 48, 30740
2.0, 1000000, 323, 216, 1, 39, 307929
0.01, 100000000, 89484400, 89484400, 89484399, 1, 397707
2.0, 10000000, 430, 158, 6, 37, 3076495
2.0, 1000000000, 627, 303, 0, 69, 307695047
5.0, 1, 1, 1, 0, 1, 0
5.0, 10, 9, 9, 0, 7, 1
5.0, 100, 89, 89, 1, 49, 8
5.0, 1000, 363, 363, 0, 159, 296
5.0, 10000, 659, 502, 0, 200, 3847
5.0, 100000, 783, 638, 6, 237, 39815
5.0, 1000000, 827, 726, 0, 253, 399954
0.1, 100000000, 26960120, 26960120, 8, 2, 3703167
5.0, 10000000, 971, 640, 1, 254, 3999736
2.0, 100000000, 470, 198, 0, 49, 30766935
5.0, 100000000, 998, 591, 1, 198, 40001391
0.1, 1000000000, 260436484, 260436482, 260436481, 1, 37033874
0.01, 1000000000, 895076319, 895076319, 895076318, 1, 3971725
0.1, 1000000000, 269137696, 269137626, 4, 4, 37036830
0.5, 1, 1, 1, 0, 1, 0
0.5, 10, 10, 10, 0, 2, 0
0.5, 100, 65, 63, 18, 6, 5
0.5, 1000, 168, 100, 4, 6, 117
0.5, 10000, 221, 171, 1, 17, 1356
0.5, 100000, 302, 195, 1, 14, 14247
0.5, 1000000, 477, 195, 3, 12, 143283
0.5, 10000000, 1416, 1257, 5, 13, 1428412
0.5, 100000000, 10498, 10258, 10, 10, 14289259
2.0, 1000000000, 471, 197, 3, 48, 307698789
5.0, 1000000000, 1098, 751, 2, 230, 400006828
0.5, 1000000000, 102475, 102237, 3, 18, 142855935
